well,cycle,steam,pressure,soak,stroke,pi,cycle_oil
BGW-07,3,1550,75,7,120,1,2969
BGW-07,6,2700,70,2,144,1,2411
BGW-07,6,2450,80,7,168,1,2920
BGW-07,4,1000,80,3,120,1,1995
BGW-07,2,1100,55,9,96,1,1897
BGW-07,1,2150,85,8,168,1,4032
BGW-07,2,1450,80,10,168,1,2574
BGW-07,4,2450,70,8,96,1,2664
BGW-07,4,1500,70,9,96,1,2063
BGW-07,6,1050,60,4,120,1,1619
BGW-07,7,1950,70,8,96,1,1874
BGW-07,3,1600,55,5,168,1,2791
BGW-12,3,2550,50,8,96,1.25,4105
BGW-12,8,1700,60,4,96,1.25,2623
BGW-12,7,2350,70,4,168,1.25,3542
BGW-12,7,750,85,5,120,1.25,1995
BGW-12,4,1500,70,4,120,1.25,3943
BGW-12,1,2350,50,3,144,1.25,5101
BGW-12,1,1300,65,10,96,1.25,3729
BGW-12,4,2650,75,3,120,1.25,4450
BGW-12,5,2300,60,2,120,1.25,3418
BGW-12,7,950,80,9,168,1.25,2032
BGW-12,5,1850,60,10,120,1.25,2732
BGW-12,1,850,85,2,96,1.25,3610
BGW-15,6,1000,85,10,168,0.95,1340
BGW-15,8,2600,80,2,168,0.95,2187
BGW-15,4,650,80,10,96,0.95,1098
BGW-15,7,1800,90,5,96,0.95,2297
BGW-15,5,1950,55,8,144,0.95,2216
BGW-15,7,2450,65,5,168,0.95,2292
BGW-15,6,1950,80,9,168,0.95,2082
BGW-15,2,2150,70,2,144,0.95,3413
BGW-15,2,2250,55,10,96,0.95,2324
BGW-15,2,1900,50,4,96,0.95,2823
BGW-15,1,900,75,8,144,0.95,2555
BGW-15,8,2200,80,2,144,0.95,2079
BGW-18,5,2200,65,5,168,0.8,1654
BGW-18,1,700,70,2,144,0.8,1039
BGW-18,8,2500,85,4,144,0.8,1453
BGW-18,6,1250,90,8,168,0.8,1234
BGW-18,4,1150,65,6,168,0.8,1417
BGW-18,2,2300,75,2,168,0.8,2190
BGW-18,7,1550,70,7,168,0.8,1272
BGW-18,2,1200,75,8,144,0.8,1706
BGW-18,2,2650,90,6,144,0.8,2883
BGW-18,2,1950,65,8,96,0.8,1976
BGW-18,2,2350,80,2,96,0.8,2032
BGW-18,4,1450,60,6,120,0.8,1528
BGW-23,6,2200,70,6,144,1.1,3940
BGW-23,3,2200,90,4,120,1.1,4753
BGW-23,7,2450,50,5,168,1.1,3197
BGW-23,4,2100,85,5,96,1.1,4297
BGW-23,7,2500,75,4,120,1.1,3429
BGW-23,1,2100,50,10,144,1.1,4010
BGW-23,6,2150,50,10,120,1.1,2360
BGW-23,4,1250,90,10,96,1.1,2740
BGW-23,3,1800,85,7,144,1.1,4761
BGW-23,5,1850,75,6,144,1.1,4249
BGW-23,5,2000,55,8,120,1.1,3251
BGW-23,1,1900,80,7,96,1.1,4987
